sample	count	fraction	cdr3aa	v_gene	j_gene	rank
PBMC_PRE	5523	0.0626346707795595	CASSQGTGYTNTEAFF	TRBV4-3*00	TRBJ1-1*00	1
PBMC_PRE	790	0.00895915080859171	CASSEFGGELFF	TRBV25-1*00	TRBJ2-2*00	2
PBMC_PRE	768	0.00870965546961827	CASSRREGGTGELFF	TRBV4-1*00	TRBJ2-2*00	3
PBMC_PRE	724	0.00821066479167139	CASSAQGGGSYEQYF	TRBV25-1*00	TRBJ2-7*00	4
PBMC_PRE	523	0.00593118464923223	CASRPPGRGNNGYTF	TRBV6-6*00	TRBJ1-2*00	5
PBMC_PRE	437	0.00495588468779061	CASSPKDYNNEQFF	TRBV18*00	TRBJ2-1*00	6
PBMC_PRE	425	0.00481979632107782	CATSNPAIRALGTEAFF	TRBV15*00	TRBJ1-1*00	7
PBMC_PRE	424	0.00480845562385175	CSARSLAGGPGDEQYF	TRBV20-1*00	TRBJ2-7*00	8
PBMC_PRE	413	0.00468370795436503	CASSHPGLNAYEQYF	TRBV4-1*00	TRBJ2-7*00	9
PBMC_PRE	317	0.00359500102066275	CASSLSGGFSGNTIYF	TRBV5-1*00	TRBJ1-3*00	10
PBMC_PRE	302	0.00342489056227177	CASSKTSSYEQYF	TRBV12-3*00	TRBJ2-7*00	11
PBMC_PRE	281	0.00318673592052439	CASSSGTGARDYGYTF	TRBV5-1*00	TRBJ1-2*00	12
PBMC_PRE	253	0.00286919639819456	CASSQDIRGAGELFF	TRBV4-2*00	TRBJ2-2*00	13
PBMC_PRE	249	0.0028238336092903	CASRRARGGAYNEQFF	TRBV12-3*00	TRBJ2-1*00	14
PBMC_PRE	247	0.00280115221483817	CASSLFSGNEQFF	TRBV14*00	TRBJ2-1*00	15
PBMC_PRE	238	0.00269908593980358	CASSLNQEYEQYF	TRBV5-1*00	TRBJ2-7*00	16
PBMC_PRE	213	0.00241556850915194	CASSMTEMNTEAFF	TRBV11-1*00	TRBJ1-1*00	17
PBMC_PRE	212	0.00240422781192588	CASSGRQGSNQPQHF	TRBV6-1*00	TRBJ1-5*00	18
PBMC_PRE	203	0.00230216153689129	CASSTLQVSGNSPLHF	TRBV4-1*00	TRBJ1-6*00	19
PBMC_PRE	201	0.00227948014243916	CASSQGKNTGELFF	TRBV4-1*00	TRBJ2-2*00	20
PBMC_PROGRESSION	6839	0.0824512333325296	CASSQGTGYTNTEAFF	TRBV4-3*00	TRBJ1-1*00	1
PBMC_PROGRESSION	1909	0.0230149735972802	CASSPKDYNNEQFF	TRBV18*00	TRBJ2-1*00	2
PBMC_PROGRESSION	1755	0.0211583439828322	CASSLTGTTYNEQFF	TRBV7-3*00	TRBJ2-1*00	3
PBMC_PROGRESSION	1393	0.0167940587852338	CATSNPAIRALGTEAFF	TRBV15*00	TRBJ1-1*00	4
PBMC_PROGRESSION	1046	0.0126106141344971	CASGPGTYGYTF	TRBV12-5*00	TRBJ1-2*00	5
PBMC_PROGRESSION	833	0.0100426783690594	CASSIPGLAGVGEETQYF	TRBV12-3*00	TRBJ2-5*00	6
PBMC_PROGRESSION	819	0.00987389385865503	CASSLTTGNEQFF	TRBV12-3*00	TRBJ2-1*00	7
PBMC_PROGRESSION	809	0.00975333349408049	CASSQVQSLETYEQYF	TRBV4-2*00	TRBJ2-7*00	8
PBMC_PROGRESSION	774	0.00933137221806959	CASSDGRLGNTEAFF	TRBV10-1*00	TRBJ1-1*00	9
PBMC_PROGRESSION	767	0.00924697996286741	CSARDSAASTDTQYF	TRBV20-1*00	TRBJ2-3*00	10
PBMC_PROGRESSION	719	0.0086682902129096	CASSHGGGNYEQYF	TRBV13*00	TRBJ2-7*00	11
PBMC_PROGRESSION	684	0.00824632893689871	CASSVAGEHEQFF	TRBV9*00	TRBJ2-1*00	12
PBMC_PROGRESSION	628	0.00757119089528127	CASSLLQGKINEQFF	TRBV5-1*00	TRBJ2-1*00	13
PBMC_PROGRESSION	577	0.0069563330359511	CASTNQGLGANVLTF	TRBV13*00	TRBJ2-6*00	14
PBMC_PROGRESSION	544	0.00655848383285511	CASSLDVAGSPLHF	TRBV11-2*00	TRBJ1-6*00	15
PBMC_PROGRESSION	479	0.00577484146312058	CASSHPGLNAYEQYF	TRBV4-1*00	TRBJ2-7*00	16
PBMC_PROGRESSION	301	0.00362886697369373	CASSYSTGLAGKDNEQFF	TRBV6-5*00	TRBJ2-1*00	17
PBMC_PROGRESSION	279	0.00336363417162974	CATSRPEQASDEQFF	TRBV15*00	TRBJ2-1*00	18
PBMC_PROGRESSION	257	0.00309840136956574	CASSQGQGKETQYF	TRBV4-2*00	TRBJ2-5*00	19
PBMC_PROGRESSION	235	0.00283316856750175	CSARDPGLAGKWDTQYF	TRBV20-1*00	TRBJ2-3*00	20
PBMC_RELAPSE	4822	0.0803988261971455	CASSQGTGYTNTEAFF	TRBV4-3*00	TRBJ1-1*00	1
PBMC_RELAPSE	2173	0.0362311591303188	CASSPKDYNNEQFF	TRBV18*00	TRBJ2-1*00	2
PBMC_RELAPSE	2057	0.034297052154195	CATSNPAIRALGTEAFF	TRBV15*00	TRBJ1-1*00	3
PBMC_RELAPSE	1103	0.018390689609177	CASSDGRLGNTEAFF	TRBV10-1*00	TRBJ1-1*00	4
PBMC_RELAPSE	1037	0.0172902494331066	CASSLTGTTYNEQFF	TRBV7-3*00	TRBJ2-1*00	5
PBMC_RELAPSE	861	0.0143557422969188	CASSLTTGNEQFF	TRBV12-3*00	TRBJ2-1*00	6
PBMC_RELAPSE	666	0.0111044417767107	CASGPGTYGYTF	TRBV12-5*00	TRBJ1-2*00	7
PBMC_RELAPSE	628	0.0104708550086701	CASSIPGLAGVGEETQYF	TRBV12-3*00	TRBJ2-5*00	8
PBMC_RELAPSE	587	0.00978724823262638	CASRGTGATQETQYF	TRBV12-3*00	TRBJ2-5*00	9
PBMC_RELAPSE	520	0.00867013472055489	CASSHGGGNYEQYF	TRBV13*00	TRBJ2-7*00	10
PBMC_RELAPSE	416	0.00693610777644391	CATSRPEQASDEQFF	TRBV15*00	TRBJ2-1*00	11
PBMC_RELAPSE	405	0.00675270108043217	CASSLLQGKINEQFF	TRBV5-1*00	TRBJ2-1*00	12
PBMC_RELAPSE	386	0.0064359076964119	CSARDSAASTDTQYF	TRBV20-1*00	TRBJ2-3*00	13
PBMC_RELAPSE	376	0.00626917433640123	CASSHPGLNAYEQYF	TRBV4-1*00	TRBJ2-7*00	14
PBMC_RELAPSE	311	0.00518540749633187	CASFSFGWEAFF	TRBV6-6*00	TRBJ1-1*00	15
PBMC_RELAPSE	289	0.00481859410430839	CASSLDVAGSPLHF	TRBV11-2*00	TRBJ1-6*00	16
PBMC_RELAPSE	285	0.00475190076030412	CASSVAGEHEQFF	TRBV9*00	TRBJ2-1*00	17
PBMC_RELAPSE	283	0.00471855408830199	CASSASPTVNYGYTF	TRBV5-1*00	TRBJ1-2*00	18
PBMC_RELAPSE	264	0.00440176070428171	CASSQGQGKETQYF	TRBV4-2*00	TRBJ2-5*00	19
PBMC_RELAPSE	245	0.00408496732026144	CASTNQGLGANVLTF	TRBV13*00	TRBJ2-6*00	20
TUMOR_PRE	12821	0.0762505724294202	CASSLFISTFPDGELFF	TRBV12-3*00	TRBJ2-2*00	1
TUMOR_PRE	9415	0.0559940051027994	CASSEFGGELFF	TRBV25-1*00	TRBJ2-2*00	2
TUMOR_PRE	3132	0.018627002016141	CASRRARGGAYNEQFF	TRBV12-3*00	TRBJ2-1*00	3
TUMOR_PRE	3025	0.0179906389204427	CASSYEDSPWGGEQFF	TRBV6-6*00	TRBJ2-1*00	4
TUMOR_PRE	2166	0.0128818921989021	CATSNPAIRALGTEAFF	TRBV15*00	TRBJ1-1*00	5
TUMOR_PRE	1811	0.0107705940776601	CASSRASGANVLTF	TRBV12-3*00	TRBJ2-6*00	6
TUMOR_PRE	1801	0.0107111208911462	CASSLGTSGRSNEQFF	TRBV18*00	TRBJ2-1*00	7
TUMOR_PRE	1457	0.00866524327506944	CASSPSRMPGSNYGYTF	TRBV18*00	TRBJ1-2*00	8
TUMOR_PRE	1148	0.00682752181179115	CASSFGTRSGEQYF	TRBV5-1*00	TRBJ2-7*00	9
TUMOR_PRE	1070	0.00636363095698304	CASRLGLAGVNEQFF	TRBV5-1*00	TRBJ2-1*00	10
TUMOR_PRE	870	0.00517416722670584	CASSHPGLNAYEQYF	TRBV4-1*00	TRBJ2-7*00	11
TUMOR_PRE	659	0.00391928299126339	CASSHHLGQGKNIQYF	TRBV5-1*00	TRBJ2-4*00	12
TUMOR_PRE	590	0.00350891800431775	CAWSDRTSGSNGYNEQFF	TRBV30*00	TRBJ2-1*00	13
TUMOR_PRE	555	0.00330076185151924	CASSQDKAGGPEETQYF	TRBV4-1*00	TRBJ2-5*00	14
TUMOR_PRE	522	0.0031045003360235	CASSHWTASYEQYF	TRBV14*00	TRBJ2-7*00	15
TUMOR_PRE	515	0.0030628691054638	CASSQGQGKETQYF	TRBV4-2*00	TRBJ2-5*00	16
TUMOR_PRE	494	0.0029379754137847	CASSQASGSFYEQYF	TRBV4-1*00	TRBJ2-7*00	17
TUMOR_PRE	487	0.00289634418322499	CASSLAGQILNYGYTF	TRBV11-2*00	TRBJ1-2*00	18
TUMOR_PRE	461	0.00274171389828896	CATSTHIGGWETQYF	TRBV15*00	TRBJ2-5*00	19
TUMOR_PRE	454	0.00270008266772925	CASSDGLAGVPFTGELFF	TRBV2*00	TRBJ2-2*00	20
TUMOR_PROGRESSION	2925	0.0293715984174482	CATSNPAIRALGTEAFF	TRBV15*00	TRBJ1-1*00	1
TUMOR_PROGRESSION	1422	0.0142791155383287	CASRRARGGAYNEQFF	TRBV12-3*00	TRBJ2-1*00	2
TUMOR_PROGRESSION	867	0.00870604301809491	CASSYGQGVNEQFF	TRBV4-3*00	TRBJ2-1*00	3
TUMOR_PROGRESSION	687	0.00689856003855964	CASRPPGRGNNGYTF	TRBV6-6*00	TRBJ1-2*00	4
TUMOR_PROGRESSION	517	0.00519149278010965	CSVVDRFTYEQYF	TRBV29-1*00	TRBJ2-7*00	5
TUMOR_PROGRESSION	491	0.00493041190528789	CATSSHQIGELFF	TRBV15*00	TRBJ2-2*00	6
TUMOR_PROGRESSION	432	0.00433795915088466	CASSRREGGTGELFF	TRBV4-1*00	TRBJ2-2*00	7
TUMOR_PROGRESSION	430	0.0043178760066676	CASSRDTGELFF	TRBV18*00	TRBJ2-2*00	8
TUMOR_PROGRESSION	399	0.0040065872713032	CASGPGTYGYTF	TRBV12-5*00	TRBJ1-2*00	9
TUMOR_PROGRESSION	382	0.0038358805454582	CASSHRVKYNSPLHF	TRBV25-1*00	TRBJ1-6*00	10
TUMOR_PROGRESSION	353	0.00354467495431085	CASSHPGLNAYEQYF	TRBV4-1*00	TRBJ2-7*00	11
TUMOR_PROGRESSION	348	0.0034944670937682	CATSRGQGAGQPQHF	TRBV15*00	TRBJ1-5*00	12
TUMOR_PROGRESSION	280	0.00281164019038821	CASRRGTGGYEQYF	TRBV12-3*00	TRBJ2-7*00	13
TUMOR_PROGRESSION	274	0.00275139075773703	CASSQGGPRTEAFF	TRBV14*00	TRBJ1-1*00	14
TUMOR_PROGRESSION	265	0.00266101660876027	CASSPTRDPSYEQYF	TRBV18*00	TRBJ2-7*00	15
TUMOR_PROGRESSION	254	0.00255055931556644	CASSAATEAFF	TRBV25-1*00	TRBJ1-1*00	16
TUMOR_PROGRESSION	250	0.00251039302713233	CASSLVYGGQGGYTF	TRBV11-2*00	TRBJ1-2*00	17
TUMOR_PROGRESSION	249	0.0025003514550238	CASSSGTGARDYGYTF	TRBV5-1*00	TRBJ1-2*00	18
TUMOR_PROGRESSION	245	0.00246018516658968	CASSDILAGEFTGANVLTF	TRBV11-2*00	TRBJ2-6*00	19
TUMOR_PROGRESSION	243	0.00244010202237262	CASSLVRATEAFF	TRBV11-2*00	TRBJ1-1*00	20
