sample	v_gene	frequency
PBMC_PRE	TRBV10-1*00	0.00488784050443421
PBMC_PRE	TRBV10-2*00	0.00782508108598517
PBMC_PRE	TRBV10-3*00	0.0241330036970673
PBMC_PRE	TRBV11-1*00	0.00793848805824582
PBMC_PRE	TRBV11-2*00	0.0285445349180068
PBMC_PRE	TRBV11-3*00	0.00210936968404818
PBMC_PRE	TRBV12-3*00	0.0441153122093946
PBMC_PRE	TRBV12-5*00	0.00603325092426682
PBMC_PRE	TRBV13*00	0.00222277665630883
PBMC_PRE	TRBV14*00	0.0181224341672526
PBMC_PRE	TRBV15*00	0.0395223298328381
PBMC_PRE	TRBV16*00	0.00149697203384064
PBMC_PRE	TRBV18*00	0.0618181405792828
PBMC_PRE	TRBV19*00	0.0207194538320216
PBMC_PRE	TRBV2*00	0.0151171494023453
PBMC_PRE	TRBV20-1*00	0.0644151602440518
PBMC_PRE	TRBV23-1*00	0.0044001905237134
PBMC_PRE	TRBV24-1*00	0.00362902311234095
PBMC_PRE	TRBV25-1*00	0.031357027830071
PBMC_PRE	TRBV27*00	0.014550114541042
PBMC_PRE	TRBV28*00	0.0250062373834743
PBMC_PRE	TRBV29-1*00	0.0249268525028919
PBMC_PRE	TRBV3-1*00	0.0159109982081698
PBMC_PRE	TRBV30*00	0.00766631132482025
PBMC_PRE	TRBV4-1*00	0.044001905237134
PBMC_PRE	TRBV4-2*00	0.0198915829345188
PBMC_PRE	TRBV4-3*00	0.0734310145387738
PBMC_PRE	TRBV5-1*00	0.0687473065844088
PBMC_PRE	TRBV5-4*00	0.00147429063938851
PBMC_PRE	TRBV5-5*00	0.000657760439111797
PBMC_PRE	TRBV5-6*00	0.000918596475311302
PBMC_PRE	TRBV5-7*00	2.26813944521309e-05
PBMC_PRE	TRBV5-8*00	0.00396924402912291
PBMC_PRE	TRBV6-1*00	0.0186894690285559
PBMC_PRE	TRBV6-2*00	0.0108984100342489
PBMC_PRE	TRBV6-4*00	0.00512599514618159
PBMC_PRE	TRBV6-5*00	0.0154687110163533
PBMC_PRE	TRBV6-6*00	0.0206400689514391
PBMC_PRE	TRBV6-7*00	0.000204132550069178
PBMC_PRE	TRBV6-8*00	0.000181451155617047
PBMC_PRE	TRBV6-9*00	0.000170110458390982
PBMC_PRE	TRBV7-2*00	0.00793848805824582
PBMC_PRE	TRBV7-3*00	0.00350427544285423
PBMC_PRE	TRBV7-4*00	3.40220916781964e-05
PBMC_PRE	TRBV7-6*00	0.000975299961441629
PBMC_PRE	TRBV7-7*00	0.000533012769625077
PBMC_PRE	TRBV7-8*00	0.0124861076458981
PBMC_PRE	TRBV7-9*00	0.00670235206060469
PBMC_PRE	TRBV9*00	0.00966227403660777
PBMC_PROGRESSION	TRBV10-1*00	0.0159742483061269
PBMC_PROGRESSION	TRBV10-2*00	0.0108624888481663
PBMC_PROGRESSION	TRBV10-3*00	0.0158536879415523
PBMC_PROGRESSION	TRBV11-1*00	0.0069563330359511
PBMC_PROGRESSION	TRBV11-2*00	0.0270778578834422
PBMC_PROGRESSION	TRBV11-3*00	0.0024232633279483
PBMC_PROGRESSION	TRBV12-3*00	0.052311142188894
PBMC_PROGRESSION	TRBV12-5*00	0.0161189207436163
PBMC_PROGRESSION	TRBV13*00	0.0216285294046729
PBMC_PROGRESSION	TRBV14*00	0.0152388300822222
PBMC_PROGRESSION	TRBV15*00	0.0382899717888747
PBMC_PROGRESSION	TRBV16*00	0.00182046150507559
PBMC_PROGRESSION	TRBV18*00	0.0526125431003303
PBMC_PROGRESSION	TRBV19*00	0.0140332264364767
PBMC_PROGRESSION	TRBV2*00	0.00777614351505799
PBMC_PROGRESSION	TRBV20-1*00	0.0568080437875244
PBMC_PROGRESSION	TRBV23-1*00	0.00118149157283052
PBMC_PROGRESSION	TRBV24-1*00	0.00298989704144865
PBMC_PROGRESSION	TRBV25-1*00	0.00945193258264413
PBMC_PROGRESSION	TRBV27*00	0.0145275239312324
PBMC_PROGRESSION	TRBV28*00	0.0165770501289996
PBMC_PROGRESSION	TRBV29-1*00	0.0174691968268512
PBMC_PROGRESSION	TRBV3-1*00	0.00852361777542015
PBMC_PROGRESSION	TRBV30*00	0.00391821184867263
PBMC_PROGRESSION	TRBV4-1*00	0.0366382947942035
PBMC_PROGRESSION	TRBV4-2*00	0.0215320811130133
PBMC_PROGRESSION	TRBV4-3*00	0.0959901622742507
PBMC_PROGRESSION	TRBV5-1*00	0.050587128975478
PBMC_PROGRESSION	TRBV5-3*00	8.43922552021797e-05
PBMC_PROGRESSION	TRBV5-4*00	0.000807754442649435
PBMC_PROGRESSION	TRBV5-5*00	0.000542521640585441
PBMC_PROGRESSION	TRBV5-6*00	0.000940370843681431
PBMC_PROGRESSION	TRBV5-8*00	0.00412316446844935
PBMC_PROGRESSION	TRBV6-1*00	0.00887324283268633
PBMC_PROGRESSION	TRBV6-2*00	0.00860801003062233
PBMC_PROGRESSION	TRBV6-4*00	0.00452101367154534
PBMC_PROGRESSION	TRBV6-5*00	0.0167096665300316
PBMC_PROGRESSION	TRBV6-6*00	0.0120680924939117
PBMC_PROGRESSION	TRBV6-7*00	0.000192896583319268
PBMC_PROGRESSION	TRBV6-8*00	7.23362187447255e-05
PBMC_PROGRESSION	TRBV6-9*00	3.61681093723627e-05
PBMC_PROGRESSION	TRBV7-2*00	0.00526848793190751
PBMC_PROGRESSION	TRBV7-3*00	0.0229064692691631
PBMC_PROGRESSION	TRBV7-6*00	0.00159139681238396
PBMC_PROGRESSION	TRBV7-7*00	0.0014226123019796
PBMC_PROGRESSION	TRBV7-8*00	0.00948810069201649
PBMC_PROGRESSION	TRBV7-9*00	0.0103681913534107
PBMC_PROGRESSION	TRBV9*00	0.0180358305403516
PBMC_RELAPSE	TRBV10-1*00	0.0241596638655462
PBMC_RELAPSE	TRBV10-2*00	0.0093203948245965
PBMC_RELAPSE	TRBV10-3*00	0.0164565826330532
PBMC_RELAPSE	TRBV11-1*00	0.00396825396825397
PBMC_RELAPSE	TRBV11-2*00	0.0271275176737362
PBMC_RELAPSE	TRBV11-3*00	0.00206749366413232
PBMC_RELAPSE	TRBV12-3*00	0.0701447245564893
PBMC_RELAPSE	TRBV12-5*00	0.0130385487528345
PBMC_RELAPSE	TRBV13*00	0.0146892090169401
PBMC_RELAPSE	TRBV14*00	0.00635254101640656
PBMC_RELAPSE	TRBV15*00	0.054671868747499
PBMC_RELAPSE	TRBV16*00	0.00103374683206616
PBMC_RELAPSE	TRBV18*00	0.0656429238362012
PBMC_RELAPSE	TRBV19*00	0.0106375883686808
PBMC_RELAPSE	TRBV2*00	0.00541883420034681
PBMC_RELAPSE	TRBV20-1*00	0.0456682673069228
PBMC_RELAPSE	TRBV23-1*00	0.00163398692810458
PBMC_RELAPSE	TRBV24-1*00	0.002734427104175
PBMC_RELAPSE	TRBV25-1*00	0.00988728824863279
PBMC_RELAPSE	TRBV27*00	0.0152894491129785
PBMC_RELAPSE	TRBV28*00	0.0150393490729625
PBMC_RELAPSE	TRBV29-1*00	0.0090202747765773
PBMC_RELAPSE	TRBV3-1*00	0.00406829398426037
PBMC_RELAPSE	TRBV3-2*00	1.66733360010671e-05
PBMC_RELAPSE	TRBV30*00	0.00211751367213552
PBMC_RELAPSE	TRBV4-1*00	0.0230758970254769
PBMC_RELAPSE	TRBV4-2*00	0.0133219954648526
PBMC_RELAPSE	TRBV4-3*00	0.0908196611978125
PBMC_RELAPSE	TRBV5-1*00	0.0389155662264906
PBMC_RELAPSE	TRBV5-4*00	0.000650260104041617
PBMC_RELAPSE	TRBV5-5*00	0.000283446712018141
PBMC_RELAPSE	TRBV5-6*00	0.000416833400026677
PBMC_RELAPSE	TRBV5-8*00	0.00166733360010671
PBMC_RELAPSE	TRBV6-1*00	0.0118714152327598
PBMC_RELAPSE	TRBV6-2*00	0.0135220754968654
PBMC_RELAPSE	TRBV6-3*00	0.000233426704014939
PBMC_RELAPSE	TRBV6-4*00	0.000316793384020275
PBMC_RELAPSE	TRBV6-5*00	0.0156896091770041
PBMC_RELAPSE	TRBV6-6*00	0.0220421501934107
PBMC_RELAPSE	TRBV6-7*00	5.00200080032013e-05
PBMC_RELAPSE	TRBV6-9*00	0.000566893424036281
PBMC_RELAPSE	TRBV7-2*00	0.0027844471121782
PBMC_RELAPSE	TRBV7-3*00	0.0181239162331599
PBMC_RELAPSE	TRBV7-4*00	8.33666800053355e-05
PBMC_RELAPSE	TRBV7-6*00	0.000683606776043751
PBMC_RELAPSE	TRBV7-7*00	0.000716953448045885
PBMC_RELAPSE	TRBV7-8*00	0.00551887421635321
PBMC_RELAPSE	TRBV7-9*00	0.00401827397625717
PBMC_RELAPSE	TRBV9*00	0.0106209150326797
TUMOR_PRE	TRBV10-1*00	0.00384196784879537
TUMOR_PRE	TRBV10-2*00	0.00843924516631677
TUMOR_PRE	TRBV10-3*00	0.0302718519355549
TUMOR_PRE	TRBV11-1*00	0.00330076185151924
TUMOR_PRE	TRBV11-2*00	0.0294987005108747
TUMOR_PRE	TRBV11-3*00	0.00262276752526124
TUMOR_PRE	TRBV12-3*00	0.143645587386927
TUMOR_PRE	TRBV12-4*00	0.000154630284936037
TUMOR_PRE	TRBV12-5*00	0.00307476374276657
TUMOR_PRE	TRBV13*00	0.00517416722670584
TUMOR_PRE	TRBV14*00	0.0122812130151121
TUMOR_PRE	TRBV15*00	0.0439328428777885
TUMOR_PRE	TRBV16*00	0.000190314196844353
TUMOR_PRE	TRBV18*00	0.0655810827688337
TUMOR_PRE	TRBV19*00	0.0182642155784065
TUMOR_PRE	TRBV2*00	0.0085106129901334
TUMOR_PRE	TRBV20-1*00	0.0497374258815413
TUMOR_PRE	TRBV23-1*00	0.00143925111363542
TUMOR_PRE	TRBV24-1*00	0.00400254545238279
TUMOR_PRE	TRBV25-1*00	0.066711073312597
TUMOR_PRE	TRBV27*00	0.013095995670352
TUMOR_PRE	TRBV28*00	0.0274766121694034
TUMOR_PRE	TRBV29-1*00	0.015421397263044
TUMOR_PRE	TRBV3-1*00	0.0069345735475161
TUMOR_PRE	TRBV30*00	0.00725572875469095
TUMOR_PRE	TRBV4-1*00	0.029427332687058
TUMOR_PRE	TRBV4-2*00	0.0141367764343446
TUMOR_PRE	TRBV4-3*00	0.0108122253082198
TUMOR_PRE	TRBV5-1*00	0.0773151424680183
TUMOR_PRE	TRBV5-3*00	0.000136788328981879
TUMOR_PRE	TRBV5-4*00	0.00137383060847017
TUMOR_PRE	TRBV5-5*00	0.00133219937791047
TUMOR_PRE	TRBV5-6*00	0.00159982871722284
TUMOR_PRE	TRBV5-8*00	0.00426422747304378
TUMOR_PRE	TRBV6-1*00	0.0126558940901495
TUMOR_PRE	TRBV6-2*00	0.0146066146078041
TUMOR_PRE	TRBV6-4*00	0.00315207888523459
TUMOR_PRE	TRBV6-5*00	0.0169141742445418
TUMOR_PRE	TRBV6-6*00	0.0318657333341263
TUMOR_PRE	TRBV6-7*00	2.37892746055441e-05
TUMOR_PRE	TRBV6-9*00	0.000255734702009599
TUMOR_PRE	TRBV7-2*00	0.0049779057112101
TUMOR_PRE	TRBV7-3*00	0.00262871484391262
TUMOR_PRE	TRBV7-6*00	0.00130841010330493
TUMOR_PRE	TRBV7-7*00	0.000142735647633265
TUMOR_PRE	TRBV7-8*00	0.00889718870247349
TUMOR_PRE	TRBV7-9*00	0.00695241550347026
TUMOR_PRE	TRBV9*00	0.00666694420820373
TUMOR_PROGRESSION	TRBV10-1*00	0.00187777398429498
TUMOR_PROGRESSION	TRBV10-2*00	0.0103126945554596
TUMOR_PROGRESSION	TRBV10-3*00	0.0534312051894845
TUMOR_PROGRESSION	TRBV11-1*00	0.00395637941076055
TUMOR_PROGRESSION	TRBV11-2*00	0.0468941417468319
TUMOR_PROGRESSION	TRBV11-3*00	0.00225935372441909
TUMOR_PROGRESSION	TRBV12-3*00	0.0739963448677525
TUMOR_PROGRESSION	TRBV12-4*00	0.00224931215231057
TUMOR_PROGRESSION	TRBV12-5*00	0.0107645653003434
TUMOR_PROGRESSION	TRBV13*00	0.00288193119514791
TUMOR_PROGRESSION	TRBV14*00	0.0175526680457092
TUMOR_PROGRESSION	TRBV15*00	0.0608720101219047
TUMOR_PROGRESSION	TRBV16*00	0.00163677625369028
TUMOR_PROGRESSION	TRBV18*00	0.0665153736468982
TUMOR_PROGRESSION	TRBV19*00	0.0189785712851204
TUMOR_PROGRESSION	TRBV2*00	0.00949932721466873
TUMOR_PROGRESSION	TRBV20-1*00	0.0276946558753238
TUMOR_PROGRESSION	TRBV23-1*00	0.00216897957544233
TUMOR_PROGRESSION	TRBV24-1*00	0.00502078605426466
TUMOR_PROGRESSION	TRBV25-1*00	0.0194003173136786
TUMOR_PROGRESSION	TRBV27*00	0.0247223505311992
TUMOR_PROGRESSION	TRBV28*00	0.0253850942903621
TUMOR_PROGRESSION	TRBV29-1*00	0.0351354608077441
TUMOR_PROGRESSION	TRBV3-1*00	0.0108549394493202
TUMOR_PROGRESSION	TRBV30*00	0.00464924788624907
TUMOR_PROGRESSION	TRBV4-1*00	0.02929126584058
TUMOR_PROGRESSION	TRBV4-2*00	0.0151326491675537
TUMOR_PROGRESSION	TRBV4-3*00	0.0188982387082522
TUMOR_PROGRESSION	TRBV5-1*00	0.0666559556564176
TUMOR_PROGRESSION	TRBV5-3*00	3.01247163255879e-05
TUMOR_PROGRESSION	TRBV5-4*00	0.00175727511899263
TUMOR_PROGRESSION	TRBV5-5*00	0.00113469764826381
TUMOR_PROGRESSION	TRBV5-6*00	0.00103428192717852
TUMOR_PROGRESSION	TRBV5-8*00	0.00352459181009379
TUMOR_PROGRESSION	TRBV6-1*00	0.0249834314060209
TUMOR_PROGRESSION	TRBV6-2*00	0.0143494065430884
TUMOR_PROGRESSION	TRBV6-3*00	0.000381579740124114
TUMOR_PROGRESSION	TRBV6-4*00	0.0109151888819714
TUMOR_PROGRESSION	TRBV6-5*00	0.0322334464683791
TUMOR_PROGRESSION	TRBV6-6*00	0.0234169461570904
TUMOR_PROGRESSION	TRBV6-7*00	3.01247163255879e-05
TUMOR_PROGRESSION	TRBV6-9*00	0.000251039302713233
TUMOR_PROGRESSION	TRBV7-2*00	0.00841483742694756
TUMOR_PROGRESSION	TRBV7-3*00	0.00359488281485349
TUMOR_PROGRESSION	TRBV7-6*00	0.000682826903379993
TUMOR_PROGRESSION	TRBV7-7*00	8.03325768682345e-05
TUMOR_PROGRESSION	TRBV7-8*00	0.0145602795573675
TUMOR_PROGRESSION	TRBV7-9*00	0.00578394553451288
TUMOR_PROGRESSION	TRBV9*00	0.00643664772156729
