cdr3aa	PBMC_PROGRESSION	PBMC_RELAPSE	PBMC_PRE	max_fraction	detected_timepoints
CASSQGTGYTNTEAFF	0.0824512333325296	0.0803988261971455	0.0626346707795595	0.0824512333325296	3
CASSPKDYNNEQFF	0.0230149735972802	0.0362311591303188	0.0049558846877906	0.0362311591303188	3
CATSNPAIRALGTEAFF	0.0167940587852338	0.0343137254901961	0.0048197963210778	0.0343137254901961	3
CASSLTGTTYNEQFF	0.0211583439828322	0.0172902494331066	0.0008278708975027	0.0211583439828322	3
CASSLTTGNEQFF	0.009873893858655	0.0143557422969188	0.000362902311234	0.0143557422969188	3
CASGPGTYGYTF	0.0126106141344971	0.0111044417767107	0.0013722243643539	0.0126106141344971	3
CASSIPGLAGVGEETQYF	0.0100426783690594	0.0104708550086701	0.0011340697226065	0.0104708550086701	3
CSARDSAASTDTQYF	0.0092469799628674	0.0064359076964119	0.001905237133979	0.0092469799628674	3
CASSRREGGTGELFF	0.0025317676560653	0.0005835667600373	0.0087096554696182	0.0087096554696182	3
CASSVAGEHEQFF	0.0082463289368987	0.0047519007603041	0.0016557417950055	0.0082463289368987	3
